image_id,product_id,failure_condition,notes,image_path
7332ca50-0bf7-4821-b362-79e1f0cc5cbf,JW_0059254,normal,,processed/JW_0059254/normal/cd167174-0a91-433d-bc7f-0eba6648106d.jpg
0cd639cb-6d01-4dab-ab1d-37abb460f0d3,JW_005925s,normal,,processed/JW_005925s/normal/472778d9-cc56-4e7e-90cc-2f2f17bf75da.jpg
d8057964-5ee1-4fbd-aae0-ad8d1f717ab6,JW_005925s,bright_lighting,,processed/JW_005925s/bright_lighting/42c9d46b-c210-4391-adc3-e700559c00ac.jpg
6dcfdbf2-baad-4372-8817-20ac616f95d4,JW_005926,normal,,processed/JW_005926/normal/9b65a9ce-3268-45c9-a774-9e777969b4af.jpg
ff99ec47-67dd-4ac9-9c8b-dffc9a9dd5e3,JW_005926,bad_lighting,,processed/JW_005926/bad_lighting/b536a78a-2c18-451b-b120-c587c68b5824.jpg
f70fa75b-92fd-42c4-9ca4-9c58ce8ea07a,JW_005926,bright_lighting,,processed/JW_005926/bright_lighting/35669675-16eb-407b-9a7a-b646eabbcdde.jpg
0c8638c5-5b4a-433d-8456-4f2f0e69f278,JW_005926,odd_angle,,processed/JW_005926/odd_angle/727da112-c78e-4ef4-a848-d1a9af913ae8.jpg
71157bf4-5425-4502-a693-1314704b71fe,JW_005926,occlusion,,processed/JW_005926/occlusion/982ee979-730b-41b2-b7e4-0c202b6ac4f5.jpg
eaf40c0f-e563-4bf6-b7b0-a389712088a6,JW_005926,clutter,,processed/JW_005926/clutter/7c97de59-8640-44b0-b67f-4d4d794e3956.jpg
e38edb67-9e52-428c-93dc-4b7f4cef8598,JW_005926,motion_blur,,processed/JW_005926/motion_blur/221773e2-a017-42c3-939a-f0c0c3b6b50f.jpg
d5d39114-a621-4c2a-a514-259f5754d688,JW_005926,reflection,,processed/JW_005926/reflection/42dbf3ad-3af3-473f-9f17-49e0ed5bc48b.jpg
d9482abc-9498-4ceb-bc8b-11f6486b0efa,JW_005926,hand_wrist,,processed/JW_005926/hand_wrist/8b263036-1ec6-4f71-9adb-82f6acd046d6.jpg
2c15c329-2625-41cf-8a0b-4f6d602cc8ef,JW_005926,distance,,processed/JW_005926/distance/cd192de7-a097-4e11-8ca9-1be2a1a9389e.jpg
ab014ad5-b2fb-4db6-8eaf-9957456df6b2,JW_005931,normal,,processed/JW_005931/normal/7b64c8ab-b1b2-47f0-aeb7-f98804ab3857.jpg
b9b1bec6-79f1-4273-85c2-c4ed2a4cec09,JW_005931,normal,,processed/JW_005931/normal/728b1268-b2cc-493b-9121-ba8c06e9e843.jpg
93a98cad-277a-42d4-922e-c2e0f34410a3,JW_005931,bad_lighting,,processed/JW_005931/bad_lighting/e8e35c06-12d5-4074-bad0-300eb9f4077a.jpg
96566af9-8d36-45b6-b62e-48434e349712,JW_005931,bright_lighting,,processed/JW_005931/bright_lighting/7bb44b72-537a-467b-bbc1-ae719749a314.jpg
1ffdbdbd-e891-4aaf-be5f-504845fdbe54,JW_005931,odd_angle,,processed/JW_005931/odd_angle/00fa809a-d3b1-469b-9114-fd4b0f271377.jpg
103cb1da-2aae-4d0b-875d-8af316a3002c,JW_005931,occlusion,,processed/JW_005931/occlusion/9eabb195-6dbb-4dc7-81b6-8da32fc4aaca.jpg
6f719084-277b-4aca-9ccd-ecc7b0711458,JW_005931,clutter,,processed/JW_005931/clutter/700479d3-ad07-40c8-b057-3999785b28e6.jpg
8dee01a6-1def-4fe1-83b2-6592bc96d1f1,JW_005931,motion_blur,,processed/JW_005931/motion_blur/2c25d119-40ad-434b-85cf-147380cda356.jpg
1aed0d05-0e7a-496f-916a-9114e37ae3e9,JW_005931,hand_wrist,,processed/JW_005931/hand_wrist/bf9996a1-ab5a-48f3-acfc-0866e1bf3cfe.jpg
d80e3d67-f149-4703-a467-da8dea9fb8df,JW_005931,distance,,processed/JW_005931/distance/2098c1ed-4cf3-41c6-b192-069535efb17f.jpg
b87f65da-09f7-4f8c-bb57-f02c3deab89d,JW_005964,bright_lighting,,processed/JW_005964/bright_lighting/19c228dc-d374-409e-81e7-09ef60e7403c.jpg
96c5ff4c-491d-46dc-8db3-83adf2760986,JW_005964,odd_angle,,processed/JW_005964/odd_angle/aaaedafe-1bd4-4df8-a955-44b2ab838969.jpg
b678ef72-053c-463c-a00b-07fbe23191fa,JW_005964,normal,,processed/JW_005964/normal/9f24d64b-9e83-4b27-9804-d09e4fbdae35.jpg
2c4ae36a-e0dc-4646-98de-8873ca127a8b,JW_005964,bad_lighting,,processed/JW_005964/bad_lighting/9946b3cb-959b-49f1-ae3a-7f8294781d09.jpg
d69cfc63-071d-47b9-be7f-d470501304c2,JW_005964,occlusion,,processed/JW_005964/occlusion/f21fd990-bf59-42e0-9a3c-efa4e43167ae.jpg
49ec1f90-aafa-47b5-925e-a12dadd46f65,JW_005964,motion_blur,,processed/JW_005964/motion_blur/85deb24c-fcd0-4817-99d8-4ee53aee6d5f.jpg
b207a907-c47a-4ca5-875e-a4dc6ac5dd27,JW_005964,clutter,,processed/JW_005964/clutter/24dfcd98-7129-4a18-8a68-a2e7a295a248.jpg
a33996ef-1222-4c68-9270-db2a6e49bedf,JW_005964,hand_wrist,,processed/JW_005964/hand_wrist/2585f5fb-5c38-4cf6-b0c0-8b20602e271b.jpg
65784188-a845-4ece-9f69-8624b91ab33b,JW_005964,distance,,processed/JW_005964/distance/9bb79310-11db-4d9d-b893-0024d7b254f1.jpg