image_id,ground_truth,failure_condition,decision,top1_category,top1_similarity,gt_rank,top1_correct,top5_correct,was_cropped,latency_ms
id01,bracelet,clutter,MATCH,necklace,0.7844,-1,0,0,1,251.82
id02,bracelet,hand,MATCH,bracelet,0.827,1,1,1,1,156.05
id03,bracelet,motionblur,MATCH,ring,0.7733,-1,0,0,1,153.15
id04,ring,clutter,MATCH,ring,0.7912,1,1,1,1,173.49
id05,necklace,noise,UNKNOWN,ring,0.7145,5,0,0,1,216.01
id06,ring,clutter,MATCH,bracelet,0.7659,2,0,1,1,150.7
id07,ring,motionblur,UNKNOWN,necklace,0.7316,3,0,0,1,141.96
id08,ring,motionblur,UNKNOWN,bracelet,0.6465,5,0,0,1,146.29
id09,ring,bad_lighting,MATCH,ring,0.8016,1,1,1,1,155.43
id10,ring,bad_lighting,MATCH,necklace,0.7625,-1,0,0,0,169.38
id11,ring,bad_lighting,MATCH,bracelet,0.8361,2,0,1,0,130.07
id12,ring,bright_lighting,MATCH,ring,0.8087,1,1,1,1,117.79
id13,ring,clutter,UNKNOWN,necklace,0.7202,-1,0,0,1,116.19
id14,ring,distance,MATCH,ring,0.8079,1,1,1,1,130.15
id15,ring,hand_wrist,MATCH,ring,0.8281,1,1,1,0,111.36
id16,ring,motion_blur,MATCH,ring,0.7754,1,1,1,1,113.88
id17,ring,normal,MATCH,ring,0.9237,1,1,1,0,115.07
id18,ring,occlusion,UNKNOWN,ring,0.7221,1,0,0,1,108.42
id19,ring,odd_angle,MATCH,ring,0.858,1,1,1,0,114.28
id20,ring,reflection,UNKNOWN,ring,0.739,1,0,0,1,110.28
id21,bracelet,bad_lighting,MATCH,ring,0.7676,4,0,1,1,108.87
id22,bracelet,bright_lighting,MATCH,bracelet,0.9098,1,1,1,1,115.38
id23,bracelet,clutter,MATCH,necklace,0.7881,2,0,1,1,104.9
id24,bracelet,distance,MATCH,necklace,0.7596,-1,0,0,1,107.57
id25,bracelet,hand_wrist,MATCH,necklace,0.8527,2,0,1,1,105.64
id26,bracelet,motion_blur,MATCH,necklace,0.7615,-1,0,0,1,103.13
id27,bracelet,normal,MATCH,bracelet,0.7966,1,1,1,1,106.67
id28,bracelet,normal,MATCH,bracelet,0.7966,1,1,1,1,104.75
id29,bracelet,occlusion,MATCH,earring,0.7633,-1,0,0,1,110.47
id30,bracelet,odd_angle,MATCH,necklace,0.9075,2,0,1,1,104.4
id31,necklace,bad_lighting,MATCH,necklace,0.8936,1,1,1,1,105.14
id32,necklace,bright_lighting,MATCH,necklace,0.8455,1,1,1,1,109.3
id33,necklace,clutter,MATCH,bracelet,0.8342,2,0,1,1,103.73
id34,necklace,distance,MATCH,bracelet,0.8654,3,0,1,1,191.13
id35,necklace,hand_wrist,MATCH,bracelet,0.8719,2,0,1,1,111.53
id36,necklace,motion_blur,MATCH,necklace,0.8207,1,1,1,1,101.58
id37,necklace,normal,MATCH,necklace,0.8551,1,1,1,1,107.33
id38,necklace,occlusion,MATCH,ring,0.7637,3,0,1,1,108.0
id39,necklace,odd_angle,MATCH,bracelet,0.8316,2,0,1,1,107.76
